lambda_orth,hier_theta,AUC,best_hm,attr_acc,best_seen,best_unseen,obj_acc,biasterm
0.001,0.5,0.40297690394241137,0.5487084004185205,0.6043239235877991,0.6911045908927917,0.6509783267974854,0.7395333051681519,3.1249001026153564
