{
    "best_lambda_orth": 0.006,
    "best_hier_theta": 1.3,
    "best_AUC": 0.4075700955237322,
    "best_hm": 0.5458780378210604,
    "attr_acc": 0.5315717458724976,
    "best_seen": 0.6813294291496277,
    "best_unseen": 0.6731888055801392,
    "obj_acc": 0.737474262714386,
    "biasterm": 3.4999001026153564
}