{
    "best_sim_threshold": 0.2,
    "best_correction_interval": 25.0,
    "AUC": 0.4328534718561023,
    "best_hm": 0.5589504506082787,
    "attr_acc": 0.5857927203178406,
    "best_seen": 0.6813294291496277,
    "best_unseen": 0.724484384059906,
    "obj_acc": 0.7443376779556274,
    "biasterm": 2.4999001026153564
}