{
    "best_lambda_orth": 0.01,
    "best_hier_theta": 1.0,
    "best_AUC": 0.4048621521819884,
    "best_hm": 0.544479944545419,
    "attr_acc": 0.5277968645095825,
    "best_seen": 0.6803519129753113,
    "best_unseen": 0.6710734963417053,
    "obj_acc": 0.7378174066543579,
    "biasterm": 3.4999001026153564
}