lambda_orth,hier_theta,AUC,best_hm,attr_acc,best_seen,best_unseen,obj_acc,biasterm
0.001,0.5,0.3994253280378617,0.5384091082848452,0.5253946185112,0.6803519129753113,0.6641988158226013,0.7354152202606201,3.4999001026153564
